순번(No),광고회사,주소,전화번호,정리된_광고회사명,광고회사_키워드,카테고리별 키워드 재구성,키워드 번호,위도,경도
2,(주)오리콤,서울특별시 강남구 언주로 726 ,02-510-4100,오리콤,"브랜드컨설팅, 미디어, 프로모션, 인터넷마케팅",마케팅 브랜딩 조사,4,37.519653,127.035138
6,(주)코래드,서울 강남구 역삼동 677-25 ,02-2193-8000,코래드,"광고물, 산업디자인",sns,1,37.49988,127.03856
7,오길비코리아 유한회사,서울특별시 강남구 삼성로 507 ,02-513-1114,오길비코리아한회사,"프로모션, 스포츠마케팅, 인터넷비즈니스",마케팅 브랜딩 조사,4,37.5099867,127.0549048
8,(주)한컴,서울특별시 강남구 언주로 726 ,02-519-6900,한컴,캠페인 광고 기획,마케팅 브랜딩 조사,4,37.519653,127.035138
13,(주)인터콤어소시에이션,서울특별시 강남구 학동로53길 29  ,02-3448-8800,인터콤어소시에이션,"방송광고, 잡지광고, 신문광고, 지하철광고",sns,1,37.5189804,127.0395873
15,엠얼라이언스주식회사,서울특별시 강남구 봉은사로2길 31 ,02-2186-9700,엠얼라이언스식회사,금융,부동산,2025-금융,37.5027109,127.0264438
28,(주)하바스코리아,서울특별시 강남구 봉은사로86,02-841-2985,하바스코리아,"미디어, 문화, 스포츠",엔터테이먼트,8,,
34,케이아트만(주),서울 강남구 신사동  542-4,02-511-7053,케이아트만,"식품, 보험",부동산,2025-금융,37.5223206,127.0277019
37,TBWA KOREA(주),서울특별시 강남구 도산대로 139 ,02-501-8888,TBWA KOREA,브랜드 컨설팅,sns,1,37.521407,127.0336791
48,(주)덴츠크리에이티브코리아,서울특별시 강남구 테헤란로79길 6 ,02-6005-0011,덴츠크리에이티브코리아,"TV광고, 신문잡지광고",sns,1,37.5073082,127.0555879
50,(주)케이이씨씨,서울특별시 강남구 강남대로 560 ,02-574-2239,케이이씨씨,"CF,옥외광고",sns,1,37.5119023,127.0212827
53,(주)브레이커스커뮤니케이션스,서울 강남구 역삼동  서울시 강남구 역삼동 668-1 ,02-562-3328,브레이커스커뮤니케이션스,"영상, 오디오","미디어,콘텐츠 제작",2,,
56,미디어브랜즈코리아 주식회사,서울특별시 강남구 봉은사로2길 31 ,02-2186-9700,미디어브랜즈코리아식회사,"판매촉진,직접판매,시장조사",마케팅 브랜딩 조사,4,37.5027109,127.0264438
57,스푼 주식회사,서울특별시 강남구 논현로 706 ,02-2056-3606,스푼식회사,"미디어랩, 퍼포먼스 마케팅, 지하철 광고물",sns,1,37.4748031,127.0476702
58,(주)솔트커뮤니케이션즈(서울),서울특별시 강남구 언주로 725  (논현동),02-3442-7600,솔트커뮤니케이션즈(서울),디자인 용역,디자인,3,37.5198567,127.0294873
60,(주)비플러스,서울특별시 강남구 강남대로156길 12,02-562-5124,비플러스,"금융지원,온라인정보제공,경영컨설팅/전자상거래",부동산,2025-금융,37.5180199,127.0202368
62,그레이월드와이드코리아(주),서울 강남구 신사동 600-1 ,02-3015-5800,그레이월드와이드코리아,글로벌 기업 광고 대행,sns,1,37.5223206,127.0277019
64,(주)메이트인디펜던스,서울특별시 강남구 학동로 311 (논현동),02-2188-8400,메이트인디펜던스,"TV광고, 신문광고, 극장광고",sns,1,37.515315,127.033892
69,(주)애드씨케이,서울특별시 강남구 언주로 647 ,02-515-1420,애드씨케이,"건설, 대학, 제약, IT",IT,5,37.5143287,127.0349136
70,(주)캐러트코리아,서울 강남구 테헤란로79길 6 ,02-6005-0400,캐러트코리아,뉴미디어,sns,1,37.5073082,127.0555879
72,(주)그린프로그커뮤니케이션즈,서울특별시 강남구 봉은사로 316,02-6952-9870,그린프로그커뮤니케이션즈,"과학 기술, 광고 대행",IT,5,37.5084519,127.0376678
75,(주)세토기획,서울특별시 강남구 봉은사로 110,02-542-7070,세토기획,"주거, 아파트",주거,2025-주거,37.5046349,127.0258276
81,(주)미디아베이직,서울특별시 강남구 도산대로27길 26 ,02-755-5748,미디아베이직,리뷰,전시,6,37.5213664,127.0276241
102,(주)유퍼스트커뮤니케이션,서울 강남구 논현동  176-23,02-545-1251,퍼스트커뮤니케이션,부동산 임대,주거,2025-주거,37.5123018,127.0294935
103,(주)붐커뮤니케이션,서울특별시 강남구 언주로148길 14 ,02-512-6764,붐커뮤니케이션,"TV, 신문광고, 옥외광고, 전시, 박람회",sns,1,37.5204136,127.0361248
105,(주)소망커뮤니케이션,서울특별시 강남구 강남대로136길 22  ,02-540-7999,소망커뮤니케이션,"영상물 제작, 광고물 작성","미디어,콘텐츠 제작",2,37.513877,127.0236818
108,(주)이노션,서울특별시 강남구 강남대로 308  (역삼동) 랜드마크타워,02-2016-2300,이노션,자동차,자동차,2025-자동차,37.4906753,127.0318211
110,(주)메디커뮤니케이션,서울특별시 강남구 논현로 318,02-521-0733,메디커뮤니케이션,의료,의료,07-04,37.4748031,127.0476702
111,(주)애드리치,서울특별시 강남구 테헤란로 410 ,02-562-6400,애드리치,"광고물 제작,옥외,전시 광고,시각 디자인,모델 에이전시",sns,1,37.5045565,127.0507602
112,(주)브랜드스톰마케팅앤커뮤니케이션그룹,서울특별시 강남구 영동대로 517 ,02-6001-7250,브랜드스톰마케팅앤커뮤니케이션그룹,"스포츠, 엔터테인먼트",엔터테이먼트,8,37.5125275,127.0588489
114,한양기획(주),서울특별시 강남구 강남대로160길 16,02-3442-5971,한양기획,부동산,주거,2025-주거,37.5193548,127.0202122
117,(주)서울디지컴애드,서울특별시 강남구 논현로57길 8 ,02-785-7001,서울디지컴애드,"광고 및 홍보대행, 광고물작성",sns,1,37.4912161,127.0391015
124,(주)와이즈디자인앤컨설팅,서울 강남구 삼성동  153-1,02-2057-2682,와이즈디자인앤컨설팅,"부동산, 광고물 인쇄",주거,2025-주거,37.5147838,127.0543618
129,(주)비주얼라인,서울 강남구 논현동  4-22,02-549-5517,비얼라인,지방자치단체 홍보대행,sns,1,37.5135099,127.0331746
136,(주)클리프커뮤니케이션,서울특별시 강남구 강남대로 578 ,02-516-0047,클리프커뮤니케이션,"주거, 아파트",주거,2025-주거,37.5133257,127.020785
138,(주)키위커뮤니케이션,서울특별시 강남구 논현로149,02-3445-4425,키위커뮤니케이션,"주거, 아파트, 건설",주거,2025-주거,,
143,(주)퀀텀프로젝트,서울 강남구 논현동  6-5 ,02-6245-7348,퀀텀프로젝트,"TV, 라디오, 신문, 옥외",sns,1,37.5123018,127.0294935
144,(주)커뮤니케이션소리,서울특별시 강남구 강남대로128길 28 ,02-541-0522,커뮤니케이션소리,인쇄,디자인,3,37.5119121,127.0262175
146,(주)광륭,서울특별시 강남구 자곡로 174-10,02-599-1582,광륭,"산업전시회, 국제회의",전시,6,37.4726169,127.1029929
158,(주)애드노바,서울특별시 강남구 강남대로136길 6,02-6925-7330,애드노바,"글로벌 광고주, 인앱 광고 수익",sns,1,37.5128999,127.0212364
162,(주)컴투게더,서울 강남구 삼성동  123-19,02-558-1554,컴투게더,"광고물제작,출판,임대,부동산 분양대행업,광고대행",주거,2025-주거,37.5147838,127.0543618
169,(주)엔씨씨애드,서울특별시 강남구 도산대로25길 3-6 ,02-545-3634,엔씨씨애드,공익광고,sns,1,37.5213326,127.026831
178,원더맨톰슨코리아 주식회사,서울특별시 강남구 삼성로 507 ,02-531-9650,원더맨톰슨코리아식회사,글로벌 기업 IMC 서비스,sns,1,37.5099867,127.0549048
180,(주)디젤커뮤니케이션,서울특별시 강남구 언주로149길 5-4  ,02-516-0290,디젤커뮤니케이션,"영화, 필름","미디어,콘텐츠 제작",2,37.520301,127.0336202
182,(주)조인트크리에이티브,서울특별시 강남구 강남대로146길 35 ,02-3443-2631,조인트크리에이티브,"판촉, 광고 대행",sns,1,37.5152364,127.0226147
184,(주)티엔씨애드컴,서울특별시 강남구 언주로71길 13 ,02-2051-4335,티엔씨애드컴,"전시, 인테리어, 실내건축",전시,6,37.4971613,127.0439198
187,(주)에이엠에스미디어,서울 강남구 역삼동 746-22 ,02-501-9052,에이엠에스미디어,"음향, 조명, 영상, 인테리어","미디어,콘텐츠 제작",2,37.49988,127.03856
189,주식회사 스웨이브,서울특별시 강남구 봉은사로55,02-3472-7006,식회사 스웨이브,"건설, 부동산",주거,2025-주거,,
204,(주)덴츠엑스,서울특별시 강남구 테헤란로79길 6 ,02-3011-2500,덴츠엑스,자동차,자동차,2025-자동차,37.5073082,127.0555879
206,(주)케이엘커뮤니케이션,서울 강남구 논현동  6-11 ,02-543-0620,케이엘커뮤니케이션,"행사, 이벤트 기획",sns,1,37.5123018,127.0294935
207,(주)이지컴다이렉트,서울 강남구 논현동 216-3  ,02-544-6520,이지컴다이렉트,주거용 건물 개발 및 공급업,주거,2025-주거,37.5123018,127.0294935
213,더노벰버(주),서울특별시 강남구 언주로129길 17  ,02-544-1982,더노벰버,광고 디자인,디자인,3,37.5142993,127.0343291
218,(주)모티브플러스,서울 강남구 신사동  588,02-512-8099,모티브플러스,"미디어, 디자인",디자인,3,37.5223206,127.0277019
222,(주)티케엔터테인먼트,서울특별시 강남구 봉은사로 420 ,02-516-6697,티케엔터테인먼트,PPL,sns,1,37.5106114,127.0462168
231,(주)에프씨네트워크,서울 강남구 역삼동 666-15 ,02-3471-1500,에프씨네트워크,"스포츠, 엔터테인먼트",엔터테이먼트,8,37.49988,127.03856
236,(주)애드엑스포코리아,"서울특별시 강남구 영동대로 513 B-47 (삼성동,코엑스)",02-6010-3324,애드엑스포코리아,유통,교통/운송,9,37.5125275,127.0588489
242,(주)어썸커뮤니케이션즈,서울 강남구 신사동 535-25,02-547-5707,어썸커뮤니케이션즈,"언론홍보, 컨텐츠 제작","미디어,콘텐츠 제작",2,37.5223206,127.0277019
244,(주)미스터피알,서울특별시 강남구 선릉로 604,02-761-6081,미스터피알,"방송, 광고, 영상, 오디오","미디어,콘텐츠 제작",2,37.5109665,127.043996
247,(주)웨일미디어,서울특별시 강남구 논현로86길 34 ,02-567-7531,웨일미디어,"스마트폰 웹페이지 제작, 광고대행",sns,1,37.5003692,127.0403377
248,(주)로빈스앤컴퍼니,서울특별시 강남구 학동로97길 43-5  ,02-556-6088,로빈스앤컴퍼니,"건설, 분양",주거,2025-주거,37.5223917,127.0540423
251,(주)스타일미디어,서울특별시 강남구 역삼로20길 12,02-549-7678,스타일미디어,"광고물 제작, 도안 설계","미디어,콘텐츠 제작",2,37.4944574,127.0376569
267,(주)제이케이컨텐츠미디어그룹,서울특별시 강남구 언주로172길 53,02-514-3338,제이케이컨텐츠미디어그룹,"의류, 패션, 잡화, 뷰티",엔터테이먼트,8,37.5270812,127.0382758
275,(주)위트커뮤니케이션,서울특별시 강남구 봉은사로74길 20 ,02-564-8750,위트커뮤니케이션,"은행, 보험, 증권, 공공기관",부동산,2025-금융,37.5112581,127.0521823
280,(주)크리진엔터테인먼트,서울 강남구 신사동 532-1 ,02-515-1080,크리진엔터테인먼트,"전시, 홍보",전시,6,37.5223206,127.0277019
281,(주)씨오엠파트너스,서울특별시 강남구 역삼로 227,02-3472-0505,씨오엠파트너스,"광고물 문안, 도안, 설계",sns,1,37.5029063,127.0580661
285,(주)피피엘앤컴퍼니,서울특별시 강남구 강남대로146길 37 ,02-725-1993,피피엘앤컴퍼니,데이터베이스,sns,1,37.5152364,127.0226147
293,(주)스포츠플러스,서울 강남구 역삼동 791-12,02-3454-1265,스포츠플러스,스포츠,엔터테이먼트,8,37.49988,127.03856
295,지앤지프로덕션(주),서울 강남구 도곡동 411-19 ,02-3460-4800,지앤지프로덕션,"연예 기획, 드라마 제작",엔터테이먼트,8,37.4878395,127.0438569
297,(주)딜라이브강남케이블티브이,서울특별시 강남구 학동로 318 ,070-8121-7042,딜라이브강남케이블티브이,"인터넷, 방송",sns,1,37.5181087,127.0457549
299,(주)씨엔씨붐,서울특별시 강남구 테헤란로 313 ,02-511-6001,씨엔씨붐,여행,여행,07-05,37.5038185,127.0452766
300,(주)유달리커뮤니케이션즈,서울 강남구 논현2동 218-16,02-3443-7906,달리커뮤니케이션즈,온라인 광고,sns,1,37.5137297,127.0367165
301,(주)엠피디컴퍼니,서울특별시 강남구 강남대로92길 31 ,02-6085-7708,엠피디컴퍼니,드라마,sns,1,37.499445,127.0299446
308,(주)스프링비트컴,서울특별시 강남구 역삼로 228 ,02-6928-2200,스프링비트컴,옥외광고,sns,1,37.5029063,127.0580661
314,(주)투와이드컴퍼니,서울특별시 강남구 남부순환로351길 19 ,02-593-8451,투와이드컴퍼니,"브랜드 구축, 공공 PR",sns,1,37.4865235,127.0340639
319,(주)더리얼마케팅,서울특별시 강남구 압구정로10길 13 ,02-518-5112,더리얼마케팅,모바일 전자영수증 서비스,디자인,9,37.5226317,127.0221077
320,(주)에이치앤에이치엔터테인먼트,서울특별시 강남구 논현로149길 12  (논현동),02-546-0966,에이치앤에이치엔터테인먼트,"연예, 스포츠, 엔터테인먼트",엔터테이먼트,8,37.5186102,127.0273384
323,(주)갤럭시아에스엠,서울특별시 강남구 학동로 311 ,02-775-1300,갤럭시아에스엠,"스포츠, 스포츠스타매니지먼트",엔터테이먼트,8,37.5181087,127.0457549
329,(주)에딧,서울특별시 강남구 학동로3길 9 ,02-562-5426,에딧,건설 분양,주거,2025-주거,37.5127878,127.0221947
332,(주)유어비즈,서울 강남구 역삼동 735-32 ,02-569-2031,어비즈,"병원, 건설 분양",의료,07-04,37.49988,127.03856
333,(주)나비프론티어,서울특별시 강남구 테헤란로78길 14-10 ,02-516-6645,나비프론티어,"마케팅, 기획, BTL, 인테리어",sns,1,37.5052795,127.0556497
335,(주)티지크리에이티브,서울특별시 강남구 학동로14길 11 ,02-3442-6702,티지크리에이티브,"실내 인테리어, 무대장치, 옥외광고",디자인,3,37.5114627,127.0262685
336,(주)톰커뮤니케이션즈,서울 강남구 삼성동 120-12 ,02-561-8700,톰커뮤니케이션즈,데이터베이스,sns,1,37.5147838,127.0543618
338,(주)유피피코리아,서울특별시 강남구 논현로114길 8 ,02-426-1480,피피코리아,"전시, 행사",전시,6,37.5085244,127.034106
342,(주)이피피엔,서울특별시 강남구 학동로7길 29  (논현동),02-2085-1800,이피피엔,디지털컨텐츠,"미디어,콘텐츠 제작",2,37.5138461,127.0230536
346,엠퍼니인터랙티브(주),서울 강남구 논현동 242-44,02-6404-1663,엠퍼니인터랙티브,"영상제작, 디지털 마케팅","미디어,콘텐츠 제작",2,37.5123018,127.0294935
350,(주)지에스넷비전,"서울특별시 강남구 논현로 508  (역삼동,GS타워)",02-2068-1756,지에스넷비전,"디지털 사이니지, 유통 미디어, 콘텐츠 솔루션",교통/운송,9,37.5021006,127.0368278
353,크리에이티브리퍼블릭(주),서울특별시 강남구 도산대로45길 10-8,02-511-3930,크리에이티브리퍼블릭,"브랜드 전략, 통합 마케팅, 디지털 캠페인 기획",마케팅 브랜딩 조사,4,37.5232434,127.0365699
355,디케이이앤엠,서울특별시 강남구 영동대로122길 15,02-3448-4484,디케이이앤엠,"온라인 광고 대행, 바이럴 영상 제작, 유튜브 마케팅",sns,1,37.5169982,127.0605475
365,(주)메네스,서울 강남구 논현동 223-5,02-2203-2290,메네스,"옥외광고, 전시 디자인, 공간 브랜딩",sns,1,37.5123018,127.0294935
366,(주)미소다컴,서울특별시 강남구 압구정로28길 9-2 ,02-2232-3737,미소다컴,"인쇄 광고, 브랜드 디자인, 팜플렛 제작",디자인,3,37.5258402,127.0280677
368,(주)유끼커뮤니케이션,서울특별시 강남구 도산대로 327  ,02-3445-6428,끼커뮤니케이션,홍보대행/PPL/스타마케팅/에이전시/언론홍보,sns,1,37.5231234,127.0376163
374,(주)애플망고커뮤니케이션,서울특별시 강남구 논현로95길 12  (역삼동),02-547-8822,애플망고커뮤니케이션,시스템 소프트웨어 개발 및 공급업,IT,5,37.5023892,127.0348937
378,(주)스토리인,서울특별시 강남구 삼성로119길 17  ,070-8825-5790,스토리인,방송 프로그램 제작업,sns,1,37.5154947,127.0487595
380,(주)에이디자인,서울특별시 강남구 도산대로89길 8 ,070-7462-1405,에이디자인,"도배, 실내장식 및 내장 목공사업",디자인,3,37.5251426,127.0507454
381,(주)로지소프트,서울특별시 강남구 언주로85길 24  ,02-6911-3905,로지소프트,응용 소프트웨어 개발 및 공급업,IT,5,37.5010162,127.0413115
385,액티브인터내쇼날(주),서울특별시 강남구 테헤란로87길 36  ,02-2016-6091,액티브인터내쇼날,"종합 광고 대행, 무역, 창고운송, 인쇄, 부동산 등",sns,1,37.5125275,127.0588489
386,(주)아이알플러스,서울특별시 강남구 강남대로114길 20,02-557-9592,아이알플러스,기타 인쇄관련 산업,sns,1,37.5059522,127.0259032
388,베티카(주),서울특별시 강남구 테헤란로70길 14-8 ,070-7516-7999,베티카,"광고대행(공공정책홍보대행),기록매체 복제,컴퓨터시스템 통합자문,구축,데이터베이스,온라인정보 제공,전시,컨벤션,행사 대행,디자인/서적출판",sns,1,37.5046422,127.0527823
389,(주)리프앤바인,서울특별시 강남구 봉은사로 304 ,02-6930-9000,리프앤바인,"신탁,집합투자",주거,2025-주거,37.5084519,127.0376678
391,(주)광고방,서울 강남구 청담동 95-3,02-542-9048,광고방,비주거용 건물 임대업,주거,2025-주거,37.5257535,127.0523217
395,(주)타임코미디어,서울특별시 강남구 테헤란로8길 32 ,02-561-6260,타임코미디어,방송프로그램및광고영상물제작,"미디어,콘텐츠 제작",2,37.4967221,127.031935
399,주식회사 즐거운인생열시십분사십초,서울특별시 강남구 학동로8길 10 ,02-2015-7490,식회사 즐거운인생열시십분사십초,영화및영상제작,"미디어,콘텐츠 제작",2,37.5111979,127.0244496
400,(주)인터러뱅커뮤니케이션즈,서울특별시 강남구 논현로67길 25 ,02-568-3210,인터러뱅커뮤니케이션즈,"광고,홍보,전시",전시,6,37.4936385,127.0374992
402,(주)이니셔티브,서울특별시 강남구 언주로 727  ,02-6255-0055,이니셔티브,교육서비스,sns,1,37.5349542,127.0347599
412,(주)메타커뮤니케이션즈,서울특별시 강남구 논현로86길 27 ,02-566-6644,메타커뮤니케이션즈,",전시,행사 대행/광고영화,비디오물 제작/부동산 전대",전시,6,37.500469,127.0396498
415,(주)쓰리코어,서울특별시 강남구 봉은사로82길 31 ,02-862-7667,쓰리코어,전기용 기계ㆍ장비 및 관련 기자재 도매업,IT,5,37.5112407,127.0557504
416,(주)트리니티마케팅컴퍼니,서울특별시 강남구 봉은사로26길 14  (역삼동),02-516-5022,트리니티마케팅컴퍼니,광고 대행업,sns,1,37.5059684,127.0331698
418,주식회사 엠케이이노베이션,서울특별시 강남구 학동로26길 70,02-712-9665,식회사 엠케이이노베이션,"골재, 벽돌 및 시멘트 도매업",IT,5,37.5098134,127.0290153
419,김영일교육컨설팅(주),서울특별시 강남구 도곡로13길 6 ,02-3432-0101,김영일교육컨설팅,교육서비스,sns,1,37.4915966,127.036768
425,(주)연훈커뮤니케이션,서울특별시 강남구 논현로124길 5 ,02-3444-8680,연훈커뮤니케이션,"방송,영화","미디어,콘텐츠 제작",2,37.5124647,127.0321063
427,(주)투앤파트너스,서울특별시 강남구 강남대로156길 24 ,02-546-9082,투앤파트너스,광고 관련 서비스업,sns,1,37.5183951,127.021081
428,글로벌엔터피아(주),서울특별시 강남구 도산대로17길 8,02-548-5922,글로벌엔터피아,"화장품, 항균용품 수출",화장품,2025-화장품,37.5193057,127.0250533
431,(주)케이모스트컴퍼니,서울특별시 강남구 언주로 427,02-3466-6962,케이모스트컴퍼니,"패션, 섬유류 및 기타 전문 디자인업",화장품,2025-화장품,37.5014629,127.0427185
434,(주)메이크애드,서울특별시 강남구 도산대로 159-3  ,02-3416-0091,메이크애드,"소프트웨어개발 및 공급,건어물 및 젓갈류 도매업,전자상거래",IT,5,37.521407,127.0336791
439,(주)프랜드미디어,서울특별시 강남구 도곡로 139,02-3448-8980,프랜드미디어,인터넷 미디어/부동산 컨설팅,IT,5,37.4952686,127.0498512
440,(주)아이프로스펙트코리아,서울특별시 강남구 테헤란로79길 6 ,02-6005-0904,아이프로스펙트코리아,"매체 분석,매체 기획",sns,1,37.5073082,127.0555879
445,(주)티원미디어,서울특별시 강남구 언주로172길 65  ,02-511-4234,티원미디어,"전시, 컨벤션 및 행사 대행업",전시,6,37.5268974,127.0391149
453,(주)커뮤니케이션포이보스,서울특별시 강남구 언주로81길 8 ,02-6402-8555,커뮤니케이션포이보스,광고 대행업,sns,1,37.5003728,127.0428984
454,(주)지구인살리기,서울특별시 강남구 도산대로8길 15 ,02-567-3232,지구인살리기,광고 영화 및 비디오물 제작업,"미디어,콘텐츠 제작",2,37.5161116,127.022236
459,(주)포엠미디어,서울특별시 강남구 논현로150길 15 ,02-542-1656,포엠미디어,메디컬 관련 마케팅 전문 기획,마케팅 브랜딩 조사,4,37.5195073,127.0297586
466,(주)한국프랜차이즈서비스,서울특별시 강남구 봉은사로 129-1,070-4340-0910,한국프랜차이즈서비스,언론·출판·신문·잡지,"미디어,콘텐츠 제작",2,37.5061155,127.0282149
475,지수(주),서울특별시 강남구 역삼로11길 6  ,02-572-0304,지수,"화물운송 중개, 대리 및 관련 서비스업",교통/운송,9,37.4950753,127.0350525
477,(주)라파크,서울특별시 강남구 봉은사로 454 ,02-511-0090,라파크,경 인쇄업,sns,1,37.5084519,127.0376678
480,더메이커스(주),서울특별시 강남구 논현로 714 ,02-510-9900,더메이커스,광고 영화 및 비디오물 제작업,"미디어,콘텐츠 제작",2,37.4748031,127.0476702
483,(주)비브커뮤니케이션즈,서울특별시 강남구 역삼로 172 ,02-574-7076,비브커뮤니케이션즈,"전자기기, 전자제품",IT,5,37.4952393,127.0381869
485,(주)오케이애드컴,서울특별시 강남구 논현로163길 10 ,02-3443-1478,오케이애드컴,지하철 광고,sns,1,37.5242279,127.0273635
491,(주)큐스컴,서울특별시 강남구 강남대로62길 18  ,02-554-6401,큐스컴,"전시, 컨벤션 및 행사 대행업",전시,6,37.4904618,127.0330841
492,(주)큐인사이트,서울특별시 강남구 강남대로62길 18  ,02-554-6402,큐인사이트,커뮤니케이션 디자인 랩,"미디어,콘텐츠 제작",2,37.4904618,127.0330841
496,(주)지니스커뮤니케이션,서울특별시 강남구 언주로170길 8 ,02-546-7446,지니스커뮤니케이션,영화,"미디어,콘텐츠 제작",2,37.5269385,127.034269
498,(주)아이브커뮤니케이션즈,서울특별시 강남구 논현로149길 13,02-2203-8500,아이브커뮤니케이션즈,연예,엔터테이먼트,8,37.5183407,127.027469
504,웨스트커뮤니케이션즈(주),"서울특별시 강남구 학동로2길 19  (논현동,세일빌딩)",02-3443-9021,웨스트커뮤니케이션즈,간판 및 광고물 제조업,"미디어,콘텐츠 제작",2,37.5101528,127.0229475
509,(주)크리에이티브닷,서울특별시 강남구 도산대로67길 14 ,02-542-9048,크리에이티브닷,프로그램 공급업,sns,1,37.5249643,127.0444514
511,(주)컴퍼니,서울특별시 강남구 압구정로30길 73 ,02-2038-2272,컴퍼니,온라인 교육 학원,sns,1,37.522536,127.0291199
512,(주)표현,서울특별시 강남구 논현로150길 13 ,02-561-3664,표현,기타 물품 취급장비 제조업,산업군별 마케팅 영역,9,37.519762,127.0297399
516,(주)베리모먼트,서울특별시 강남구 선릉로111길 41 ,02-552-9347,베리모먼트,"광고,홍보,전시",sns,1,37.5104829,127.0416912
524,(주)라온크리에이티브,서울특별시 강남구 논현로155길 9 ,02-577-4754,라온크리에이티브,IT 컨설팅,IT,5,37.521711,127.0273156
526,(주)메익에프,서울특별시 강남구 봉은사로44길 43 ,070-7808-7355,메익에프,"광고, CF, 디지털, SNS, 바이럴, 영상, 홈쇼핑제작",sns,1,37.5087971,127.0402727
537,(주)레드커뮤니케이션,서울특별시 강남구 강남대로132길 4,02-516-8993,레드커뮤니케이션,"광고물 문안, 도안, 설계 등 작성업","미디어,콘텐츠 제작",2,37.5120692,127.0215674
538,(주)본팩토리,서울특별시 강남구 삼성로119길 45 ,02-3444-1055,본팩토리,방송사/케이블,sns,1,37.5150916,127.0478544
566,(주)트렌드이슈폴리시,서울특별시 강남구 도산대로55길 20,02-511-4944,트렌드이슈폴리시,"광고,홍보,전시",sns,1,37.5247902,127.0406482
571,(주)애드파워(서울),서울특별시 강남구 언주로 641,02-556-8957,애드파워(서울),"건설,부동산",주거,2025-주거,37.5138425,127.0349987
574,(주)스포티즌,서울특별시 강남구 삼성로 739,02-2179-3871,스포티즌,스포츠 서비스업,엔터테이먼트,8,37.5212913,127.0484492
575,(주)캔컴,서울특별시 강남구 논현로117길 7 ,02-518-1996,캔컴,기타 인쇄업,"미디어,콘텐츠 제작",2,37.5095737,127.0312715
585,(주)자이언트스텝,서울특별시 강남구 학동로37길 8 ,02-549-0005,자이언트스텝,광고 영화 및 비디오물 제작업,"미디어,콘텐츠 제작",2,37.5160966,127.0344661
587,(주)부시기획,서울특별시 강남구 학동로6길 8 ,02-2268-7738,부시기획,"기획(판촉물,디자인)","미디어,콘텐츠 제작",2,37.5111787,127.0236191
590,(주)커뮤니케이션즈키,서울특별시 강남구 언주로126길 17 ,02-517-9157,커뮤니케이션즈키,"광고,홍보,전시",sns,1,37.5138091,127.0373057
592,(주)스쿨터치,서울특별시 강남구 학동로101길 26 ,070-8146-2826,스쿨터치,광고 대행업,sns,1,37.5223996,127.0575816
597,포비컴(주),서울특별시 강남구 논현로152길 34 ,02-545-5074,포비컴,생활용품·소비재·기타,교통/운송,9,37.5214583,127.0309642
601,(주)넥스트라운드,서울특별시 강남구 봉은사로49길 38,02-3446-9795,넥스트라운드,온오프라인 IR 이벤트,sns,1,37.5112843,127.0418039
606,(주)필라멘트리,서울특별시 강남구 봉은사로49길 17  ,02-517-2102,필라멘트리,광고 영화 및 비디오물 제작업,"미디어,콘텐츠 제작",2,37.5112843,127.0418039
612,(주)오브제길드,서울특별시 강남구 도산대로26길 17,02-3446-7681,오브제길드,통신판매업,교통/운송,9,37.5170359,127.0283895
613,(주)우라늄이삼팔,서울특별시 강남구 논현로133길 10  ,02-548-5238,우라늄이삼팔,"영화, 비디오물 및 방송프로그램 제작 관련 서비스업","미디어,콘텐츠 제작",2,37.5150424,127.0294486
615,(주)다올커뮤니케이션즈,서울특별시 강남구 도곡로 148 ,02-2069-0680,다올커뮤니케이션즈,"종합광고대행,학술연구,연구인력용역,연구용역,연구개발지원",sns,1,37.4952686,127.0498512
618,이노마스(주),서울특별시 강남구 선릉로112길 71,02-583-6040,이노마스,간판 및 광고물 제조업,디자인,3,37.5120685,127.0471487
621,(주)아이티라인,서울특별시 강남구 영동대로 648 ,02-3480-5500,아이티라인,시스템 소프트웨어 개발 및 공급업,IT,5,37.5199927,127.0577508
623,(주)이스트마케팅그룹,서울특별시 강남구 봉은사로 327 ,02-3444-8034,이스트마케팅그룹,"제조기업, 경영컨설팅기업",마케팅 브랜딩 조사,4,37.5084519,127.0376678
629,오브라운(주),서울특별시 강남구 테헤란로 437 ,02-557-6203,오브라운,캠페인 전략 너머 제품 및 서비스 디자인과 컨설팅,마케팅 브랜딩 조사,4,37.5067517,127.0550333
636,(주)에이치앤코,서울특별시 강남구 선릉로157길 27 ,02-6225-0630,에이치앤코,"화장품, 뷰티",화장품,2025-화장품,37.5261866,127.0375737
637,에스알픽쳐스(주),서울특별시 강남구 학동로101길 21 ,02-6368-9889,에스알픽쳐스,방송 프로그램 제작업,"미디어,콘텐츠 제작",2,37.5217836,127.0571298
640,(주)벡터컴,서울특별시 강남구 논현로81길 12 ,02-511-5934,벡터컴,"광고 대행,광고물 제작,디자인,컨설팅/가정용품 도소매,무역,전자상거래/신문 발행","미디어,콘텐츠 제작",2,37.4981209,127.0373795
642,(주)얼리스프링,서울특별시 강남구 강남대로92길 31,070-4618-3849,얼리스프링,시각 디자인업,디자인,3,37.499445,127.0299446
647,(주)위드플라이커뮤니케이션즈,서울특별시 강남구 선릉로 743 ,02-517-2311,위드플라이커뮤니케이션즈,방송·광고·영상·오디오,"미디어,콘텐츠 제작",2,37.4984393,127.051884
652,주식회사 올바로,서울특별시 강남구 선릉로76길 22 ,02-858-5858,식회사 올바로,도매사업,산업군별 마케팅 영역,9,37.5016835,127.0522837
655,(주)유커뮤니케이션즈,서울특별시 강남구 테헤란로33길 5 ,02-515-6333,커뮤니케이션즈,"전시, 컨벤션 및 행사 대행업",sns,1,37.5021764,127.0394118
659,(주)미디어마인드,서울특별시 강남구 도곡로 419 ,070-4837-2425,미디어마인드,"광고대행,전자상거래,경영컨설팅",sns,1,37.4976681,127.0563508
662,(주)미루애드,서울특별시 강남구 자곡로 191 ,02-445-3953,미루애드,옥외광고 매체 홍보,sns,1,37.4749933,127.1038315
667,(주)피터팬랩,서울특별시 강남구 언주로85길 29 ,070-4820-0081,피터팬랩,컨텐츠 개발 업체,마케팅 브랜딩 조사,4,37.5010225,127.0417976
669,(주)이지스커뮤니케이션즈,서울특별시 강남구 논현로81길 8,02-566-1372,이지스커뮤니케이션즈,공공관계 서비스업,sns,1,37.4981209,127.0373795
670,(주)에이블리커뮤니케이션즈,서울특별시 강남구 테헤란로33길 35 ,070-4888-1094,에이블리커뮤니케이션즈,패션,화장품,2025-화장품,37.5032056,127.0390465
672,(주)팩토리나인컴퍼니,서울특별시 강남구 테헤란로64길 13,02-6487-7899,팩토리나인컴퍼니,광고 대행업,sns,1,37.5042614,127.0514882
681,(주)스토리컴,서울특별시 강남구 논현로146길 16 ,070-8262-1152,스토리컴,"광고대행,홍보대행,종합홍보대행,태블릿 충전함,태블릿 충전함,상품 종합 도매업,전자상거래 소매업,소프트웨어 개발 및 공급업,광고물,광고영상제작,홍보영상제",sns,1,37.5182112,127.0304289
692,(주)전파상프로덕션,서울특별시 강남구 압구정로30길 74,02-540-0252,전파상프로덕션,"광고,홍보,전시",sns,1,37.5248281,127.0291103
694,(주)프로븐,서울특별시 강남구 역삼로 558,02-3496-6100,프로븐,"광고,홍보,전시",sns,1,37.5029063,127.0580661
698,(주)시너지플랜트,서울특별시 강남구 영동대로 602 ,02-522-7731,시너지플랜트,"광고 대행,PR,모바일",sns,1,37.5148923,127.060442
701,한피알(주),서울특별시 강남구 압구정로72길 21 ,070-3223-1037,한피알,"융합PR, PR마케팅, PR컨설팅",마케팅 브랜딩 조사,4,37.525734,127.0450536
702,(주)인투크리에이티브그룹,서울특별시 강남구 논현로 715,02-3446-3062,인투크리에이티브그룹,패션,화장품,2025-화장품,37.4748031,127.0476702
712,(주)원츠메이커,서울특별시 강남구 언주로153길 8 ,02-786-0701,원츠메이커,"광고,홍보,전시",전시,6,37.5226929,127.0322753
714,(주)프로스앤찬스,서울특별시 강남구 논현로150길 24 ,02-547-4982,프로스앤찬스,영상.오디오.방송 프로그램,"미디어,콘텐츠 제작",2,37.5194434,127.030532
718,(주)씨에스애드,서울특별시 강남구 테헤란로20길 18 ,02-462-7475,씨에스애드,"광고,홍보,전시",전시,6,37.4985224,127.0344619
723,(주)소담컴퍼니,서울특별시 강남구 학동로9길 13 ,02-541-9086,소담컴퍼니,경영 컨설팅,마케팅 브랜딩 조사,4,37.5133808,127.0240118
724,(주)제이원,서울특별시 강남구 논현로133길 12,02-2088-0799,제이원,"물류,유통",교통/운송,9,37.5150424,127.0294486
729,메가존(주),서울특별시 강남구 논현로85길 46,02-2109-2500,메가존,소프트웨어 공급,IT,5,37.498274,127.034307
739,(주)워너비커뮤니케이션,서울특별시 강남구 테헤란로 322,02-2183-0560,워너비커뮤니케이션,"제작대행,마케팅,리서치",마케팅 브랜딩 조사,4,37.50298,127.0465619
742,(주)마제스타지,서울특별시 강남구 논현로 748 ,02-515-9473,마제스타지,"컨텐츠 제작,편집","미디어,콘텐츠 제작",2,37.5186793,127.0289751
743,(주)애드크로스,서울특별시 강남구 광평로 280 ,070-7714-3231,애드크로스,"온라인 마케팅,판매",마케팅 브랜딩 조사,4,37.4873332,127.1031697
749,(주)일레븐,서울특별시 강남구 논현로 622 ,02-3444-5111,일레븐,판촉물제작,디자인,3,37.4748031,127.0476702
750,(주)블루라임커뮤니케이션즈,서울특별시 강남구 테헤란로52길 15 ,02-568-1175,블루라임커뮤니케이션즈,"소프트웨어 자문,개발 및 공급업",IT,5,37.5031466,127.047979
752,호렙솔루션(주),서울특별시 강남구 논현로 507 ,02-538-5071,호렙솔루션,서비스업 기반 소프트웨어 개발,IT,5,37.5017013,127.0360065
753,옴니콤미디어그룹코리아(주),서울특별시 강남구 테헤란로 223,02-2092-6702,옴니콤미디어그룹코리아,전시,전시,6,37.5023726,127.0407465
754,(주)유나스엔터테인먼트,서울특별시 강남구 도산대로 50길 25 ,02-533-9501,나스엔터테인먼트,디지털 마케팅,마케팅 브랜딩 조사,4,,
758,그랑몬스터(주),서울특별시 강남구 도산대로 220 ,02-3446-7780,그랑몬스터,디지털 마케팅,마케팅 브랜딩 조사,4,37.5202583,127.0311526
760,(주)레디엔터테인먼트,서울특별시 강남구 언주로130길 13 ,02-6900-0900,레디엔터테인먼트,매니저업,마케팅 브랜딩 조사,4,37.5150718,127.0369174
761,(주)미클리컴미디어,서울특별시 강남구 삼성로96길 14  (삼성동),02-6267-8953,미클리컴미디어,서비스 기반 광고대행,sns,1,37.5087722,127.0571143
763,인터브랜드(주),서울특별시 강남구 언주로 620 현대인텔렉스빌딩 (논현동),02-515-9150,인터브랜드,브랜드 컨설팅,마케팅 브랜딩 조사,4,37.5116308,127.0363401
766,주식회사 더퀘스천,서울특별시 강남구 테헤란로86길 12 ,02-2277-0102,식회사 더퀘스천,"마케팅,행사,전시",마케팅 브랜딩 조사,4,37.5065672,127.0590637
768,(주)지구미디어,서울특별시 강남구 학동로1길 19  (논현동),02-516-8815,지구미디어,"전시,행사대행",전시,6,37.5126903,127.0216225
770,(주)조이콤미디어,서울특별시 강남구 도산대로53길 16 ,,조이콤미디어,"전자상거래,광고",전시,6,37.5241984,127.0386214
771,로드미디어(주),서울특별시 강남구 테헤란로82길 15 ,,로드미디어,전시,전시,6,37.5060383,127.0582652
772,(주)아이디어달리,서울특별시 강남구 테헤란로78길 14-12,02-3448-8899,아이디어달리,"광고,홍보,전시",전시,6,37.5052795,127.0556497
780,(주)애드쿠아인터렉티브,서울특별시 강남구 언주로 637,02-408-0214,애드쿠아인터렉티브,"소셜미디어,디지털 비디오 컨텐츠.TV광고 및 오프라인 광고",sns,1,37.5291899,127.0338897
783,(주)크레마,서울특별시 강남구 강남대로128길 73,02-511-6239,크레마,"소프트웨서 개발,공급",IT,5,37.5119121,127.0262175
785,(주)포트폴리오,서울특별시 강남구 언주로 727 ,02-3444-9100,포트폴리오,,,,37.5349542,127.0347599
787,(주)펜타슬론,서울특별시 강남구 봉은사로37길 37 ,02-6925-0161,펜타슬론,"과학,기술 서비스업",IT,5,37.5087133,127.0363336
792,(주)엔투라지글로벌,서울특별시 강남구 논현로38길 32 ,02-579-2258,엔투라지글로벌,화장품,화장품,2025-화장품,37.4853574,127.0442917
793,(주)애드웍스커뮤니케이션,서울특별시 강남구 학동로 320 ,02-3448-6636,애드웍스커뮤니케이션,"광고물 제작, 분양대행","미디어,콘텐츠 제작",2,37.5181087,127.0457549
797,주식회사 나이스슈팅,서울특별시 강남구 논현로127길 13,02-6052-4770,식회사 나이스슈팅,"광고 문안,도안작성",마케팅 브랜딩 조사,4,37.512952,127.0299628
799,(주)코인사이드,서울특별시 강남구 강남대로162길 27-16,02-543-4242,코인사이드,컨텐츠 개발,"미디어,콘텐츠 제작",2,37.5211642,127.0214713
801,(주)매드커뮤니케이션즈,서울특별시 강남구 언주로85길 29 ,070-5143-8284,매드커뮤니케이션즈,식료품,식제품,2025-식제품,37.5010225,127.0417976
804,(주)올윈커뮤니케이션즈,서울특별시 강남구 도산대로90길 13 ,02-546-0810,올윈커뮤니케이션즈,정보통신 기반 포털 및 인터넷 정보 매개 서비스,교통/운송,9,37.5234916,127.0491608
808,(주)에스키모티브이,서울특별시 강남구 테헤란로 441  (삼성동),02-557-6565,에스키모티브이,광고대행업,sns,1,37.5066071,127.0546799
815,(주)오즈미디어그룹,서울특별시 강남구 도산대로38길 40  (논현동),02-3443-1940,오즈미디어그룹,쇼핑몰.오픈마켓.소셜커머스,sns,1,37.5182384,127.0328785
817,(주)디렉터스컴퍼니,서울특별시 강남구 봉은사로44길 2  ,02-3443-8844,디렉터스컴퍼니,"디자인,광고대행업",디자인,3,37.5087558,127.0400254
818,(주)일진커뮤니케이션,서울특별시 강남구 논현로149길 67-10 ,02-2277-4424,일진커뮤니케이션,"인쇄,출판","미디어,콘텐츠 제작",2,37.5175856,127.0252887
819,(주)크레이블코리아,"서울특별시 강남구 봉은사로 474  (삼성동, 쌍용 플래티넘)",02-569-6370,크레이블코리아,서비스업 기반 광고 대행,sns,1,37.5123241,127.0518594
820,(주)마코컴퍼니,서울특별시 강남구 도산대로 509  (청담동),02-6925-3734,마코컴퍼니,컨테츠 마케팅,마케팅 브랜딩 조사,4,37.5240254,127.0488589
821,비아이지아이 주식회사,서울특별시 강남구 학동로3길 8 ,02-586-8191,비아이지아이식회사,주기기 기자재 업체,교통/운송,9,37.5127878,127.0221947
825,(주)유담커뮤니케이션,서울시 강남구 봉은사로 129 ,02-355-3580,담커뮤니케이션,공공관계서비스업,sns,1,37.5058961,127.0282525
829,(주)더피알,서울특별시 강남구 언주로135길 32-14  (논현동),02-6223-5556,더피알,"정부 , 기업등의 소식 및 마케팅 이슈 pr매체",마케팅 브랜딩 조사,4,37.5175948,127.0327179
835,(주)참견,서울특별시 강남구 논현로150길 36-5 ,02-3444-1515,참견,반려동물 서비스업,의료,07-04,37.519501,127.0302622
838,(주)애드에이치큐,서울특별시 강남구 언주로 333 ,02-3442-2910,애드에이치큐,간판 및 광고물 제조업,디자인,3,37.5349542,127.0347599
840,(주)한아람마케팅,서울특별시 강남구 광평로 295 ,02-6281-8000,한아람마케팅,서비스 기반 광고 제작,"미디어,콘텐츠 제작",2,37.4885924,127.1044331
845,(주)코드컴,서울특별시 강남구 테헤란로51길 18 ,02-6300-8399,코드컴,미용,화장품,2025-화장품,37.5052117,127.0463886
846,(주)디블렌트,서울특별시 강남구 선릉로 541  ,02-512-4005,디블렌트,종합 광고 대행,sns,1,37.5073915,127.0461276
847,(주)루다커뮤니케이션,서울특별시 강남구 봉은사로 129 ,02-518-1945,루다커뮤니케이션,서비스기반 광고대행,sns,1,37.5058961,127.0282525
849,(주)톡톡커뮤니케이션,서울특별시 강남구 논현로149길 27  (논현동),02-6956-6888,톡톡커뮤니케이션,"광고,홍보",sns,1,37.5178744,127.0264041
850,그레이고(주),서울특별시 강남구 테헤란로103길 17 ,070-4118-0116,그레이고,전자상거래 소매,산업군별 마케팅 영역,9,37.51041,127.0637313
856,(주)다담커뮤니케이션,서울특별시 강남구 논현로38길 30 ,02-571-6977,다담커뮤니케이션,"출판,인쇄","미디어,콘텐츠 제작",2,37.4853886,127.0441132
863,동국헬스케어홀딩스(주),서울특별시 강남구 테헤란로108길 7,02-558-6741,동국헬스케어홀딩스,"지주,광고대행",sns,1,37.5079917,127.0665056
867,(주)디사이드,서울특별시 강남구 테헤란로 406,,디사이드,"광고대행,디자인",디자인,3,37.5044122,127.0499464
869,(주)피디언,서울특별시 강남구 봉은사로34길 7,02-2252-0112,피디언,화장품,화장품,2025-화장품,37.5061142,127.0377691
872,(주)일컴,서울특별시 강남구 언주로97길 8 ,02-3446-9250,일컴,광고대행,sns,1,37.5050186,127.0394663
877,(주)컨퍼니,서울특별시 강남구 테헤란로84길 16,02-554-1008,컨퍼니,식탁 및 주방용품 소매,디자인,3,37.5061244,127.0585326
883,(주)퍼틸레인,서울특별시 강남구 봉은사로86길 6  ,02-546-7377,퍼틸레인,"홈페이지구축,운영 소프트웨어 개발",IT,5,37.5128535,127.0562773
888,(주)하루애드,서울특별시 강남구 강남대로136길 11,02-517-9000,하루애드,"디자인,광고대행업",디자인,3,37.512996,127.0217257
900,(주)넥스트미디어그룹,서울특별시 강남구 언주로 637  ,070-7732-2571,넥스트미디어그룹,온/오프라인 미디어 통합 대행서비스,sns,1,37.5291899,127.0338897
901,(주)아이키니미디어,서울특별시 강남구 테헤란로6길 30 ,02-323-2526,아이키니미디어,"잡지,정기간행물 발행",sns,1,37.4966116,127.0311336
902,제이티지엔터테인먼트(주),서울특별시 강남구 논현로102길 11,02-567-0522,제이티지엔터테인먼트,연예 기획,엔터테이먼트,8,37.505553,127.0365611
904,(주)어썸메이크,서울특별시 강남구 강남대로146길 7 ,02-544-1885,어썸메이크,화장품,화장품,2025-화장품,37.51561,127.0207332
912,(주)클랙슨인터랙티브,서울특별시 강남구 논현로113길 13 ,02-6245-8908,클랙슨인터랙티브,"디지털 광고 ,영상 기획","미디어,콘텐츠 제작",2,37.5081506,127.0312424
918,(주)국가대표광고,서울특별시 강남구 논현로80길 9,02-6061-1124,국가대표광고,지하철 광고,sns,1,37.4982257,127.039116
923,(주)레드핫컨텐츠,서울특별시 강남구 언주로130길 18 ,02-518-4642,레드핫컨텐츠,인터넷 프로그램 개발,"미디어,콘텐츠 제작",2,37.5150718,127.0369174
924,(주)프럼,서울특별시 강남구 도산대로63길 18,02-544-3786,프럼,연구소/컨설팅/조사,sns,1,37.5249446,127.043687
928,(주)디티에스아이,서울특별시 강남구 도산대로 318,02-6713-4540,디티에스아이,디지털 마케팅,마케팅 브랜딩 조사,4,37.5220226,127.0363787
930,(주)큐브릭코퍼레이션,서울특별시 강남구 남부순환로 2621,070-4640-7045,큐브릭코퍼레이션,"기혹,운영,홍보 총괄,디자인",디자인,3,37.4852713,127.0366779
932,(주)에이치이엔티,서울특별시 강남구 선릉로119길 26,02-545-1177,에이치이엔티,매니저업,마케팅 브랜딩 조사,4,37.5133129,127.0410306
936,(주)네이키드,서울특별시 강남구 언주로153길 14 ,02-515-6482,네이키드,정보통신업 기반 음악및 오디오물 출판,"미디어,콘텐츠 제작",2,37.5227758,127.0320925
939,인스파이어드바이 유한회사,서울특별시 강남구 봉은사로2길 31,02-2186-9700,인스파이어드바이한회사,광고 대행,sns,1,37.5027109,127.0264438
942,(주)맥브레인즈,서울특별시 강남구 언주로 551 ,070-5143-8280,맥브레인즈,화장품,화장품,2025-화장품,37.5349542,127.0347599
948,(주)도그지어,서울특별시 강남구 논현로131길 30 ,02-543-6035,도그지어,시정조사및여론조사,sns,1,37.5143628,127.0293262
950,박살컴퍼니(주),서울특별시 강남구 봉은사로67길 40  ,070-4118-7787,박살컴퍼니,"영화,방송제작관련 서비스업","미디어,콘텐츠 제작",2,37.5126304,127.0484488
953,(주)피에스와이,서울특별시 강남구 논현로95길 12,02-501-1835,피에스와이,의류/패션/잡화/뷰티,화장품,2025-화장품,37.5023892,127.0348937
967,티브이씨(주),서울특별시 강남구 삼성로95길 33 ,02-546-6749,티브이씨,광고 매체 판매업,sns,1,37.5071533,127.0532008
968,(주)그룹아이디디,서울특별시 강남구 도산대로 145 ,02-552-1196,그룹아이디디,디지털 인쇄물 제작 서비스,디자인,3,37.521407,127.0336791
974,(주)아이스크리에이티브,서울특별시 강남구 압구정로2길 58 ,02-711-8807,아이스크리에이티브,크리에이터 매니지면트,마케팅 브랜딩 조사,4,37.5181864,127.0212334
976,(주)키이츠서울,서울특별시 강남구 도산대로54길 48-19 ,02-3444-4946,키이츠서울,녹음시설 운영,"미디어,콘텐츠 제작",2,37.5209701,127.0389575
978,(주)애드파워씨엠씨,서울특별시 강남구 논현로164길 26 ,02-2191-6800,애드파워씨엠씨,광고대행업,sns,1,37.5230573,127.0302741
980,(주)케이알마케팅,서울특별시 강남구 학동로 176  ,02-792-1147,케이알마케팅,영화 및 비디오물 제작,"미디어,콘텐츠 제작",2,37.5195345,127.0537232
982,엠케이커뮤니케이션(주),서울특별시 강남구 학동로 225 ,,엠케이커뮤니케이션,사업지원서비스업,sns,1,37.5181087,127.0457549
983,(주)크리에이티브마켓,서울특별시 강남구 논현로 733 ,070-4420-3088,크리에이티브마켓,"광고 설계,작성",sns,1,37.478697,127.0444277
995,(주)디렉터마켓,서울특별시 강남구 언주로103길 17-3 ,02-555-2633,디렉터마켓,영상 제작 프러덕션,"미디어,콘텐츠 제작",2,37.5062707,127.0378898
996,(주)코코인코퍼레이션,서울특별시 강남구 선릉로100길 8 ,02-540-1402,코코인코퍼레이션,서비스기반 광고대행,sns,1,37.5069588,127.0477902
1008,(주)트루커뮤니케이션즈,서울특별시 강남구 논현로149길 69 ,02-3445-3003,트루커뮤니케이션즈,"광고기획,이벤트대행,영상판촉",sns,1,37.5162233,127.0239174
1011,(주)아이디어팩토리,서울특별시 강남구 학동로50길 7 ,02-511-7740,아이디어팩토리,서비스기반 광고대행,sns,1,37.5162643,127.0400909
1018,(주)하이터치컴퍼니,서울특별시 강남구 도산대로89길 19-4  ,02-545-8445,하이터치컴퍼니,광고매체 판매업,sns,1,37.525956,127.0509927
1020,(주)홍보대행사이룸(주),서울특별시 강남구 학동로 312 ,02-2033-9948,홍보대행사이룸,온오프라인 마케팅,마케팅 브랜딩 조사,4,37.5155373,127.0367491
1022,(주)위나이스컴퍼니,서울특별시 강남구 도산대로8길 12 ,02-6097-0788,위나이스컴퍼니,옥외광고,sns,1,37.5160028,127.0220905
1025,(주)아이브이유아이(주),서울특별시 강남구 강남대로58길 59 ,02-588-0493,아이브이아이,"부동산 중계 , 대리업",주거,2025-주거,37.4898317,127.0344918
1032,이월삼십일일(주),서울특별시 강남구 선릉로111길 37,02-3447-0231,이월삼십일일,광고 영화 및 비디오물 제작업,"미디어,콘텐츠 제작",2,37.5104829,127.0416912
1035,(주)블랙팀,서울특별시 강남구 테헤란로 503  ,02-3453-8280,블랙팀,"광고물 문안, 도안 , 설계 등 작성업",디자인,3,37.5088008,127.0624537
1040,(주)아이소바코리아,서울특별시 강남구 테헤란로79길 6 ,02-6005-0824,아이소바코리아,정보통신업,교통/운송,9,37.5073082,127.0555879
1041,(주)스토리필름,서울특별시 강남구 선릉로125길 21-2,02-540-0204,스토리필름,정보통신업,교통/운송,9,37.5147338,127.040592
1043,(주)브랜드테이크아웃,서울특별시 강남구 강남대로152길 14,02-544-0022,브랜드테이크아웃,도매 및 소매업,주거,2025-주거,37.5171644,127.0207056
1046,(주)애드앤파크커뮤니케이션,서울특별시 강남구 논현로 708 ,02-512-0719,애드앤파크커뮤니케이션,"전문, 과학 및 기술 서비스업",IT,5,37.5152366,127.0305108
1049,(주)뷰스컴퍼니,서울특별시 강남구 강남대로 340,070-4042-4340,뷰스컴퍼니,의류/패션/잡화/뷰티,화장품,2025-화장품,37.4977112,127.0278273
1054,(주)유레카컨텐츠그룹,서울특별시 강남구 압구정로2길 60 ,02-6672-6542,레카컨텐츠그룹,연예/엔터테인먼트,엔터테이먼트,8,37.5179603,127.0213217
1056,(주)지엔에이,서울특별시 강남구 논현로85길 47,032-715-4141,지엔에이,"협회 및 단체, 수리 및 기타 개인서비스",교통/운송,9,37.4979904,127.0344217
1060,머큐리프로젝트 주식회사,서울특별시 강남구 봉은사로38길 13 ,02-565-0829,머큐리프로젝트식회사,"전문, 과학 및 기술 서비스업",IT,5,37.5067066,127.0380363
1061,(주)인연엔터테인먼트,서울특별시 강남구 학동로3길 41,02-511-2740,인연엔터테인먼트,매니저업,마케팅 브랜딩 조사,4,37.5127878,127.0221947
1064,주식회사 제니크,서울특별시 강남구 언주로113길 7 ,02-6083-5801,식회사 제니크,정보통신업,sns,1,37.5092972,127.0367637
1080,주식회사 퀸즈코퍼레이션,서울특별시 강남구 테헤란로37길 7,02-1577-2943,식회사 퀸즈코퍼레이션,종합몰/ 건강/식품,식제품,2025-식제품,37.5027543,127.0405496
1081,앨리슨모스 주식회사,서울특별시 강남구 테헤란로87길 36,02-6295-7357,앨리슨모스식회사,홍보물또는연간보고서,디자인,3,37.5125275,127.0588489
1083,(주)차이커뮤니케이션,서울특별시 강남구 학동로43길 6 ,02-2017-8800,차이커뮤니케이션,방송·광고·영상·오디오,"미디어,콘텐츠 제작",2,37.5164075,127.0374727
1084,주식회사 이씨이십일,서울특별시 강남구 영동대로 511 ,02-6000-4443,식회사 이씨이십일,소프트웨어자문개발,IT,5,37.5104043,127.0612229
1098,주식회사 제휴합시다,서울특별시 강남구 테헤란로84길 17 ,070-8241-1225,식회사 제휴합시다,도매 및 소매업,마케팅 브랜딩 조사,4,37.5061098,127.0589983
1099,(주)팀육십일,서울특별시 강남구 도산대로 171,02-3445-0061,팀육십일,매니저업,마케팅 브랜딩 조사,4,37.521407,127.0336791
1104,주식회사 홍천인터내셔날,서울특별시 강남구 도산대로 307,02-513-4083,식회사 홍천인터내셔날,상품 종합 도매업,sns,1,37.5244899,127.0502131
1114,주식회사 티피에이미디어,서울특별시 강남구 영동대로 735 ,02-6941-0510,식회사 티피에이미디어,"영화, 비디오물 및 방송프로그램 제작 관련 서비스업","미디어,콘텐츠 제작",2,37.5234315,127.054578
1115,(주)와우매니지먼트그룹,서울특별시 강남구 도산대로 458,02-570-1900,와우매니지먼트그룹,스포츠 서비스업,엔터테이먼트,8,37.5238456,127.0467767
1116,로드원오원 주식회사,서울특별시 강남구 도산대로 317 ,02-515-2200,로드원오원식회사,광고 영화 및 비디오물 제작업,"미디어,콘텐츠 제작",2,37.5225731,127.0360641
1117,주식회사 더에스엠씨 그룹,서울특별시 강남구 봉은사로49길 22 ,,식회사 더에스엠씨 그룹,"온라인광고 대행,시스템통합 구축,마케팅 컨설팅",마케팅 브랜딩 조사,4,37.5112843,127.0418039
1118,(주)머스트에이,서울특별시 강남구 역삼로23길 8 ,02-568-0920,머스트에이,"전문, 과학 및 기술 서비스업",IT,5,37.4959647,127.0379929
1123,(주)투모로우컴퍼니,서울특별시 강남구 언주로126길 17 ,02-517-9157,투모로우컴퍼니,정보통신업,교통/운송,9,37.5138091,127.0373057
1130,주식회사 에그크리에이티브,서울특별시 강남구 봉은사로74길 20,02-538-2230,식회사 에그크리에이티브,홍보및마케팅서비스,전시,6,37.5112581,127.0521823
1131,(주)애드가엑스퍼트,서울특별시 강남구 도산대로30길 34 ,02-541-1637,애드가엑스퍼트,종이인쇄물제작서비스,"미디어,콘텐츠 제작",2,37.5182148,127.0300974
1135,(주)애드크루즈,서울특별시 강남구 강남대로158길 19 ,02-515-8948,애드크루즈,"광고기획, 광고매체 판매업, 컨텐츠 제작 및 수출입업",마케팅 브랜딩 조사,4,37.5192343,127.0204159
1136,(주)초코렛커뮤니케이션,서울특별시 강남구 강남대로154길 24 ,02-6959-3835,초코렛커뮤니케이션,"영상제작 및 비디오물 제작, 디자인, 출판업, 교육기획","미디어,콘텐츠 제작",2,37.5178757,127.0211167
1138,주식회사 빅벨이엔엠,서울특별시 강남구 선릉로 704 ,,식회사 빅벨이엔엠,방송 프로그램 제작업,"미디어,콘텐츠 제작",2,37.5178527,127.0413759
1147,플러스엑스(주),서울특별시 강남구 언주로149길 17,02-518-7717,플러스엑스,컴퓨터 프로그래밍 서비스업,IT,5,37.5201311,127.032791
1153,(주)크림앤컴,서울특별시 강남구 삼성로 417 ,02-539-8889,크림앤컴,"전문, 과학 및 기술 서비스업",IT,5,37.503965,127.0570714
1159,(주)피앤에프위너스,서울특별시 강남구 학동로 520 4,02-337-1638,피앤에프위너스,매니저업,마케팅 브랜딩 조사,4,37.5181087,127.0457549
1165,주식회사 제이키,서울특별시 강남구 논현로102길 15,02-6082-6201,식회사 제이키,"광고물 문안, 도안, 설계 등 작성업","미디어,콘텐츠 제작",2,37.5052878,127.0363722
1166,(주)머스트커뮤니케이션,서울특별시 강남구 언주로86길 5 ,070-4607-4258,머스트커뮤니케이션,"마케팅, 리서치,광고기획, 제작",마케팅 브랜딩 조사,4,37.5026188,127.0462544
1177,주식회사 큐아이그룹,서울특별시 강남구 강남대로156길 14,,식회사 큐아이그룹,경영 컨설팅업,sns,1,37.518071,127.0204123
1193,카라멜츠(주),서울특별시 강남구 학동로6길 15,02-6925-7377,카라멜츠,음원제작서비스,"미디어,콘텐츠 제작",2,37.5101975,127.0251124
1194,(주)코모래비,서울특별시 강남구 봉은사로 407 ,02-515-2111,코모래비,"종합 마케팅, 컨설팅 서비스",마케팅 브랜딩 조사,4,37.5084519,127.0376678
1200,(주)더쏠트,서울특별시 강남구 삼성로95길 6,02-515-0322,더쏠트,온라인홍보및방송콘텐츠서비스(정보통신업),sns,1,37.5076866,127.0540251
1202,(주)제이지스타,서울특별시 강남구 선릉로138길 42,02-547-0825,제이지스타,홍보마케팅,마케팅 브랜딩 조사,4,37.5189759,127.044003
1209,(주)에이원퍼포먼스팩토리,서울특별시 강남구 테헤란로 501 (삼성동),02-6959-7799,에이원퍼포먼스팩토리,미디어/디자인,디자인,3,37.5066349,127.0546209
1210,(주)에스에스와이미디어,서울특별시 강남구 학동로3길 25 ,02-1566-5130,에스에스와이미디어,"광고물 문안, 도안, 설계 광고물 문안, 도안, 설계 ",디자인,3,37.5127878,127.0221947
1211,(주)스타컴기획,서울특별시 강남구 언주로 844,02-3446-9795,스타컴기획,옥외 및 전시 광고업,전시,6,37.5256583,127.0337452
1213,(주)로드맵마케팅컨설팅,서울특별시 강남구 테헤란로 521,,로드맵마케팅컨설팅,경영 컨설팅업,마케팅 브랜딩 조사,4,37.5090726,127.0607194
1216,(주)어헤드코리아,서울특별시 강남구 도산대로12길 ,02-548-0907,어헤드코리아,정보통신업,산업군별 마케팅 영역,9,37.5165307,127.0244442
1218,(주)더트러스티스,서울특별시 강남구 압구정로4길 7 ,070-8775-2223,더트러스티스,화장품 및 화장용품 도매업,화장품,2025-화장품,37.5221466,127.0201273
1222,(주)애니퍼포먼스,서울특별시 강남구 학동로33길 17,02-573-3511,애니퍼포먼스,"광고물 문안, 도안, 설계 등 작성업",디자인,3,37.5162308,127.0323023
1226,(주)스프링앤플라워,서울특별시 강남구 역삼로25길 37 ,02-538-0292,스프링앤플라워,광고 영화 및 비디오물 제작업,"미디어,콘텐츠 제작",2,37.4975797,127.0401196
1230,(주)최선씨앤씨,서울특별시 강남구 강남대로 382,02-6959-8366,최선씨앤씨,미디어/디자인,디자인,3,37.4974574,127.0288232
1236,(주)재와기획,서울특별시 강남구 영동대로 738,02-516-1203,재와기획,"전문, 과학 및 기술 서비스업",IT,5,37.5240898,127.0554007
1242,(주)애드프로패셔널,서울특별시 강남구 논현로 708 ,02-512-0719,애드프로패셔널,"온라인광고, 프로모션대행",sns,1,37.5152366,127.0305108
1253,(주)스파이럴미디어,서울특별시 강남구 논현로 518 ,02-6207-8320,스파이럴미디어,소프트웨어개발,IT,5,37.4748031,127.0476702
1255,(주)리씨디엑스,서울특별시 강남구 도산대로37길 19 ,02-556-4995,리씨디엑스,"패션, 섬유류 및 기타 전문 디자인업",화장품,2025-화장품,37.522035,127.0313364
1260,(주)크로스미디어,서울특별시 강남구 논현로86길 27,070-8666-1503,크로스미디어,"출판, 영상, 방송통신 및 정보서비스업","미디어,콘텐츠 제작",2,37.500469,127.0396498
1263,(주)더북디지털,서울특별시 강남구 봉은사로 226 ,02-3458-7430,더북디지털,종이인쇄물제작서비스,디자인,3,37.5084519,127.0376678
1264,주식회사 엘리케이트,서울특별시 강남구 테헤란로 507,,엘리케이트,동영상제작서비스,"미디어,콘텐츠 제작",2,37.5078157,127.0576669
1265,주식회사 이노빈,서울특별시 강남구 봉은사로30길 62 ,070-7731-0485,이노빈,데이터베이스 및 온라인 정보 제공업,산업군별 마케팅 영역,9,37.5035677,127.03648
1266,주식회사 하이퍼포먼스마케팅,서울특별시 강남구 역삼로 555,02-558-4212,하이퍼포먼스마케팅,광고매체 판매,sns,1,37.505009,127.0634028
1267,주식회사 니즈랩글로벌앤컬쳐,서울특별시 강남구 언주로149길 11 ,02-333-6579,니즈랩글로벌앤컬쳐,정보통신업,산업군별 마케팅 영역,9,37.5204159,127.0331166
1294,(주)휘닉스커뮤니케이션즈,서울특별시 강남구 테헤란로 534,02-560-0851,휘닉스커뮤니케이션즈,미디어/디자인,디자인,3,37.5080245,127.0628108
1298,주식회사 미미컴,서울특별시 강남구 테헤란로 322,02-2183-1753,미미컴,"전문, 과학 및 기술 서비스업",IT,5,37.50298,127.0465619
1303,주식회사 투커넥트투커뮤니케이션즈,서울특별시 강남구 가로수길 19 ,02-706-6868,투커넥트투커뮤니케이션즈,컴퓨터/사무용품/ 의류/패션/잡화/뷰티,IT,5,37.5192331,127.0230573
1310,주식회사 미디언스,서울특별시 강남구 삼성로95길 6,02-6949-5939,미디언스,응용 소프트웨어 개발 및 공급업,IT,5,37.5076866,127.0540251
1311,주식회사 먼프,서울특별시 강남구 도산대로8길 23,070-8095-1248,먼프,미디어/디자인,디자인,3,37.5161116,127.022236
1312,(주)스웨이브에스엘,서울특별시 강남구 학동로 342,02-537-0872,스웨이브에스엘,광고·홍보·전시,디자인,3,37.5167674,127.0408857
1316,(주)나스미디어,서울특별시 강남구 도곡로1길 14,02-2188-7345,나스미디어,미디어/디자인,디자인,3,37.490911,127.0325147
1317,(주)리드앰,서울특별시 강남구 영동대로 302,,리드앰,정보통신업,IT,5,37.5018574,127.0671243
1321,주식회사 더에스엠씨그룹,서울특별시 강남구 봉은사로49길 22 ,070-5138-7568,더에스엠씨그룹,온라인광고대행,sns,1,37.5112843,127.0418039
1322,에이플래닛 엔터테인먼트 주식회사,서울특별시 강남구 봉은사로57길 6  ,02-6080-5596,에이플래닛 엔터테인먼트식회사,공연 기획업,마케팅 브랜딩 조사,4,37.5113046,127.0454685
1326,주식회사 픽스유,서울특별시 강남구 논현로 404,02-553-2107,식회사 픽스,"광고물 문안, 도안, 설계 등 작성업",디자인,3,37.496227,127.0394264
1334,주식회사 아이알컴즈,서울특별시 강남구 논현로149길 47 ,02-546-9963,식회사 아이알컴즈,종합몰/ 자동차/자동차용품,자동차,2025-자동차,37.5175856,127.0252887
1336,주식회사 디비커뮤니케이션즈,서울특별시 강남구 테헤란로 432,02-3484-1506,식회사 디비커뮤니케이션즈,방송·광고·영상·오디오,"미디어,콘텐츠 제작",2,37.5057662,127.0547475
1342,주식회사 바즈인터내셔널,서울특별시 강남구 학동로 343 ,02-6223-1195,식회사 바즈인터내셔널,경영 컨설팅업,마케팅 브랜딩 조사,4,37.5174656,127.0407091
1343,주식회사 엔와이앤코,서울특별시 강남구 강남대로 382 ,02-722-4499,식회사 엔와이앤코,음반 및 비디오물 소매업,"미디어,콘텐츠 제작",2,37.4974574,127.0288232
1352,주식회사 피어스크리에이티브컴퍼니,서울특별시 강남구 도산대로26길 18 ,02-6959-5535,식회사 피어스크리에이티브컴퍼니,동영상제작서비스,"미디어,콘텐츠 제작",2,37.5170359,127.0283895
1353,주식회사 이노바인코리아,서울특별시 강남구 논현로149길 67-7,,식회사 이노바인코리아,화장품 제조업,화장품,2025-화장품,37.5175856,127.0252887
1354,주식회사 스튜디오좋,서울특별시 강남구 도산대로 150 ,,식회사 스튜디오좋,디지털콘텐츠개발서비스,sns,1,37.5179757,127.0250752
1356,(주)애드코러스,서울특별시 강남구 언주로 601 ,02-512-3227,애드코러스,간판 및 광고물 제조업,디자인,3,37.5088246,127.0377566
1357,(주)래몽래인,서울특별시 강남구 학동로25길 19 ,,래몽래인,정보통신업,교통/운송,9,37.5148266,127.0287883
1362,주식회사 모비데이즈,서울특별시 강남구 언주로 417 ,,식회사 모비데이즈,미디어/디자인,"미디어,콘텐츠 제작",2,37.5291899,127.0338897
1372,(주)더베이컨,서울특별시 강남구 논현로149길 ,02-6203-7435,더베이컨,동영상제작서비스,"미디어,콘텐츠 제작",2,37.5175856,127.0252887
1374,주식회사 캐스팅에너지,서울특별시 강남구 도산대로26길 29,02-6053-5773,식회사 캐스팅에너지,매니저업,마케팅 브랜딩 조사,4,37.5170359,127.0283895
1377,주식회사 씨제이더블유글로벌,서울특별시 강남구 선릉로134길 7,,식회사 씨제이더블글로벌,미디어/디자인,디자인,3,37.5189281,127.0414506
1381,(주)디플랜360,서울특별시 강남구 테헤란로 443 ,02-2039-1884,디플랜360,온라인홍보및방송콘텐츠서비스(정보통신업),sns,1,37.5070448,127.0555842
1383,주식회사 노무브노워크,서울특별시 강남구 선릉로121길 15,,식회사 노무브노워크,"전문, 과학 및 기술 서비스업",IT,5,37.5136791,127.041053
1387,주식회사 시몬스디자인스튜디오,서울특별시 강남구 학동로11길 56,,식회사 시몬스디자인스튜디오,광고/홍보/전시,sns,1,37.5138027,127.0252715
1388,주식회사 참컴,서울특별시 강남구 삼성로122길 37,02-2261-0656,식회사 참컴,광고·홍보·전시,sns,1,37.5179047,127.0545401
1391,주식회사 미디어블커뮤니케이션,서울특별시 강남구 영동대로 602,,식회사 미디어블커뮤니케이션,도매 및 소매업,교통/운송,9,37.5148923,127.060442
1392,주식회사 샐러드랩,서울특별시 강남구 테헤란로78길 14-11,,식회사 샐러드랩,데이터베이스 및 온라인정보 제공업,교통/운송,9,37.5052795,127.0556497
